date,symbol,report_time,company_name,fiscal_quarter_ending,eps_forecast,estimate_count
2026-07-28,AAT,not-supplied,"American Assets Trust, Inc.",Jun/2026,$0.51,2
2026-07-28,AB,not-supplied,AllianceBernstein Holding L.P.,Jun/2026,$0.86,2
2026-07-28,ABG,not-supplied,Asbury Automotive Group Inc,Jun/2026,$6.30,4
2026-07-28,ACGL,not-supplied,Arch Capital Group Ltd.,Jun/2026,$2.49,6
2026-07-28,ACHC,not-supplied,"Acadia Healthcare Company, Inc.",Jun/2026,$0.33,4
2026-07-28,AKO.A,not-supplied,Embotelladora Andina S.A.,Jun/2026,,N/A
2026-07-28,AKO.B,not-supplied,Embotelladora Andina S.A.,Jun/2026,$0.41,1
2026-07-28,AKR,not-supplied,Acadia Realty Trust,Jun/2026,$0.30,2
2026-07-28,ALKS,not-supplied,Alkermes plc,Jun/2026,($0.04),5
2026-07-28,AMT,not-supplied,American Tower Corporation (REIT),Jun/2026,$2.65,4
2026-07-28,APAM,not-supplied,Artisan Partners Asset Management Inc.,Jun/2026,$0.92,1
2026-07-28,ASH,not-supplied,Ashland Inc.,Jun/2026,$1.03,4
2026-07-28,AUBN,not-supplied,"Auburn National Bancorporation, Inc.",Jun/2026,,N/A
2026-07-28,AWI,not-supplied,Armstrong World Industries Inc,Jun/2026,$2.33,3
2026-07-28,AXS,not-supplied,Axis Capital Holdings Limited,Jun/2026,$3.23,3
2026-07-28,AXTA,not-supplied,Axalta Coating Systems Ltd.,Jun/2026,$0.65,5
2026-07-28,BA,not-supplied,Boeing Company (The),Jun/2026,($0.34),6
2026-07-28,BCS,not-supplied,Barclays PLC,Jun/2026,$0.89,1
2026-07-28,BE,not-supplied,Bloom Energy Corporation,Jun/2026,$0.23,3
2026-07-28,BRBS,not-supplied,"Blue Ridge Bankshares, Inc.",Jun/2026,,N/A
2026-07-28,BRSP,not-supplied,"BrightSpire Capital, Inc.",Jun/2026,$0.12,3
2026-07-28,BUSE,not-supplied,First Busey Corporation,Jun/2026,$0.65,5
2026-07-28,BXP,not-supplied,"BXP, Inc.",Jun/2026,$1.71,6
2026-07-28,BYFC,not-supplied,Broadway Financial Corporation,Jun/2026,,N/A
2026-07-28,CAC,not-supplied,Camden National Corporation,Jun/2026,$1.30,2
2026-07-28,CAKE,not-supplied,The Cheesecake Factory Incorporated,Jun/2026,$1.17,9
2026-07-28,CAR,not-supplied,"Avis Budget Group, Inc.",Jun/2026,$2.16,4
2026-07-28,CARR,not-supplied,Carrier Global Corporation,Jun/2026,$0.83,5
2026-07-28,CBNA,not-supplied,"Chain Bridge Bancorp, Inc.",Jun/2026,$1.32,2
2026-07-28,CBU,not-supplied,"Community Financial System, Inc.",Jun/2026,$1.19,3
2026-07-28,CFBK,not-supplied,CF Bankshares Inc.,Jun/2026,$0.89,1
2026-07-28,CGAU,not-supplied,Centerra Gold Inc.,Jun/2026,$0.38,4
2026-07-28,CHE,not-supplied,Chemed Corp.,Jun/2026,$5.12,2
2026-07-28,CLW,not-supplied,Clearwater Paper Corporation,Jun/2026,($1.40),1
2026-07-28,CMS,not-supplied,CMS Energy Corporation,Jun/2026,$0.37,4
2026-07-28,CNC,not-supplied,Centene Corporation,Jun/2026,$0.89,5
2026-07-28,CNP,not-supplied,"CenterPoint Energy, Inc.",Jun/2026,$0.37,5
2026-07-28,CORZ,not-supplied,"Core Scientific, Inc.",Jun/2026,($0.02),1
2026-07-28,CR,not-supplied,Crane Company,Jun/2026,$1.66,4
2026-07-28,CSGP,not-supplied,"CoStar Group, Inc.",Jun/2026,$0.21,3
2026-07-28,CTO,not-supplied,"CTO Realty Growth, Inc.",Jun/2026,$0.51,1
2026-07-28,CTS,not-supplied,CTS Corporation,Jun/2026,$0.61,1
2026-07-28,CURB,not-supplied,Curbline Properties Corp.,Jun/2026,$0.30,5
2026-07-28,CVLT,not-supplied,"Commvault Systems, Inc.",Jun/2026,$0.61,4
2026-07-28,CZR,not-supplied,"Caesars Entertainment, Inc.",Jun/2026,$0.04,5
2026-07-28,DINO,not-supplied,HF Sinclair Corporation,Jun/2026,$4.39,3
2026-07-28,DTE,not-supplied,DTE Energy Company,Jun/2026,$1.14,4
2026-07-28,EBMT,not-supplied,"Eagle Bancorp Montana, Inc.",Jun/2026,$0.50,3
2026-07-28,ECL,not-supplied,Ecolab Inc.,Jun/2026,$2.08,9
2026-07-28,ENPH,not-supplied,"Enphase Energy, Inc.",Jun/2026,$0.16,7
2026-07-28,EXE,not-supplied,Expand Energy Corporation,Jun/2026,$1.22,7
2026-07-28,EXLS,not-supplied,"ExlService Holdings, Inc.",Jun/2026,$0.45,4
2026-07-28,EXR,not-supplied,Extra Space Storage Inc,Jun/2026,$2.06,6
2026-07-28,F,not-supplied,Ford Motor Company,Jun/2026,$0.33,6
2026-07-28,FBLA,not-supplied,"FB Bancorp, Inc.",Jun/2026,,N/A
2026-07-28,FCF,not-supplied,First Commonwealth Financial Corporation,Jun/2026,$0.42,3
2026-07-28,FE,not-supplied,FirstEnergy Corp.,Jun/2026,$0.49,5
2026-07-28,FELE,not-supplied,"Franklin Electric Co., Inc.",Jun/2026,$1.44,3
2026-07-28,FMX,not-supplied,Fomento Economico Mexicano S.A.B. de C.V.,Jun/2026,$0.82,2
2026-07-28,FNWD,not-supplied,Finward Bancorp,Jun/2026,$0.62,1
2026-07-28,FSP,not-supplied,Franklin Street Properties Corp.,Jun/2026,,N/A
2026-07-28,GEF,not-supplied,"Greif, Inc.",Jun/2026,$1.04,2
2026-07-28,GEF.B,not-supplied,"Greif, Inc.",Jun/2026,,N/A
2026-07-28,GLW,not-supplied,Corning Incorporated,Jun/2026,$0.76,5
2026-07-28,GSK,not-supplied,GSK plc,Jun/2026,$1.27,4
2026-07-28,HIW,not-supplied,"Highwoods Properties, Inc.",Jun/2026,$0.86,2
2026-07-28,HLT,not-supplied,Hilton Worldwide Holdings Inc.,Jun/2026,$2.29,7
2026-07-28,HRI,not-supplied,Herc Holdings Inc.,Jun/2026,$0.76,3
2026-07-28,HUBB,not-supplied,Hubbell Inc,Jun/2026,$5.31,3
2026-07-28,HURN,not-supplied,Huron Consulting Group Inc.,Jun/2026,$2.13,3
2026-07-28,INCY,not-supplied,Incyte Corporation,Jun/2026,$1.76,7
2026-07-28,INIO,not-supplied,INNIO N.V.,Jun/2026,$0.05,3
2026-07-28,IQV,not-supplied,"IQVIA Holdings, Inc.",Jun/2026,$2.72,6
2026-07-28,ITRI,not-supplied,"Itron, Inc.",Jun/2026,$1.30,6
2026-07-28,ITW,not-supplied,Illinois Tool Works Inc.,Jun/2026,$2.80,6
2026-07-28,IVZ,not-supplied,Invesco Plc,Jun/2026,$0.67,6
2026-07-28,JBLU,not-supplied,JetBlue Airways Corporation,Jun/2026,($0.70),7
2026-07-28,KBSX,not-supplied,FST Corp.,Jun/2026,$0.01,2
2026-07-28,KLAC,not-supplied,KLA Corporation,Jun/2026,$1,7
2026-07-28,KNSA,not-supplied,"Kiniksa Pharmaceuticals International, plc",Jun/2026,$0.30,3
2026-07-28,KO,not-supplied,Coca-Cola Company (The),Jun/2026,$0.92,7
2026-07-28,LMND,not-supplied,"Lemonade, Inc.",Jun/2026,($0.56),5
2026-07-28,LOGI,not-supplied,Logitech International S.A.,Jun/2026,$1.18,4
2026-07-28,LSTR,not-supplied,"Landstar System, Inc.",Jun/2026,$1.42,5
2026-07-28,LXFR,not-supplied,Luxfer Holdings PLC,Jun/2026,$0.25,1
2026-07-28,MANH,not-supplied,"Manhattan Associates, Inc.",Jun/2026,$0.91,5
2026-07-28,MBIN,not-supplied,Merchants Bancorp,Jun/2026,$1.22,3
2026-07-28,MDLZ,not-supplied,"Mondelez International, Inc.",Jun/2026,$0.67,5
2026-07-28,MEOH,not-supplied,Methanex Corporation,Jun/2026,$4,4
2026-07-28,MIR,not-supplied,"Mirion Technologies, Inc.",Jun/2026,$0.10,5
2026-07-28,MVBF,not-supplied,MVB Financial Corp.,Jun/2026,$0.33,1
2026-07-28,NAUT,not-supplied,"Nautilus Biotechnology, Inc.",Jun/2026,,N/A
2026-07-28,NBR,not-supplied,Nabors Industries Ltd.,Jun/2026,($1.54),2
2026-07-28,NEO,not-supplied,"NeoGenomics, Inc.",Jun/2026,($0.06),3
2026-07-28,NOV,not-supplied,NOV Inc.,Jun/2026,$0.16,8
2026-07-28,NRC,not-supplied,NRC Health,Jun/2026,,N/A
2026-07-28,NXPI,not-supplied,NXP Semiconductors N.V.,Jun/2026,$3.20,6
2026-07-28,OBT,not-supplied,"Orange County Bancorp, Inc.",Jun/2026,,N/A
2026-07-28,OI,not-supplied,"O-I Glass, Inc.",Jun/2026,$0.22,3
2026-07-28,OMAB,not-supplied,Grupo Aeroportuario del Centro Norte S.A.B. de C.V.,Jun/2026,$1.69,3
2026-07-28,OMC,not-supplied,Omnicom Group Inc.,Jun/2026,$2.64,2
2026-07-28,ORN,not-supplied,"Orion Group Holdings, Inc.",Jun/2026,$0.03,4
2026-07-28,OSK,not-supplied,Oshkosh Corporation,Jun/2026,$2.60,6
2026-07-28,OXLC,not-supplied,Oxford Lane Capital Corp.,Jun/2026,,N/A
2026-07-28,PCAR,not-supplied,PACCAR Inc.,Jun/2026,$1.33,5
2026-07-28,PDM,not-supplied,"Piedmont Realty Trust, Inc.",Jun/2026,$0.37,1
2026-07-28,PDS,not-supplied,Precision Drilling Corporation,Jun/2026,$0.43,2
2026-07-28,PHG,not-supplied,Koninklijke Philips N.V.,Jun/2026,$0.40,2
2026-07-28,PII,not-supplied,Polaris Inc.,Jun/2026,$0.77,5
2026-07-28,PJT,not-supplied,PJT Partners Inc.,Jun/2026,$1.65,1
2026-07-28,PNR,not-supplied,Pentair plc.,Jun/2026,$1.12,4
2026-07-28,PPG,not-supplied,"PPG Industries, Inc.",Jun/2026,$2.26,8
2026-07-28,PROV,not-supplied,"Provident Financial Holdings, Inc.",Jun/2026,$0.28,2
2026-07-28,PYPL,not-supplied,"PayPal Holdings, Inc.",Jun/2026,$1.28,10
2026-07-28,QRVO,not-supplied,"Qorvo, Inc.",Jun/2026,$0.86,5
2026-07-28,QUAD,not-supplied,"Quad Graphics, Inc",Jun/2026,$0.20,1
2026-07-28,RBBN,not-supplied,Ribbon Communications Inc.,Jun/2026,($0.04),2
2026-07-28,RCKY,not-supplied,"Rocky Brands, Inc.",Jun/2026,,N/A
2026-07-28,RCL,not-supplied,Royal Caribbean Cruises Ltd.,Jun/2026,$3.97,7
2026-07-28,RGEN,not-supplied,Repligen Corporation,Jun/2026,$0.45,4
2026-07-28,RITM,not-supplied,Rithm Capital Corp.,Jun/2026,$0.50,2
2026-07-28,RNST,not-supplied,Renasant Corporation,Jun/2026,$0.91,3
2026-07-28,ROG,not-supplied,Rogers Corporation,Jun/2026,$0.99,3
2026-07-28,RPT,not-supplied,Rithm Property Trust Inc.,Jun/2026,($0.04),1
2026-07-28,RUSHA,not-supplied,"Rush Enterprises, Inc.",Jun/2026,$0.88,1
2026-07-28,RUSHB,not-supplied,"Rush Enterprises, Inc.",Jun/2026,,N/A
2026-07-28,RVSB,not-supplied,Riverview Bancorp Inc,Jun/2026,$0.07,1
2026-07-28,RWT,not-supplied,"Redwood Trust, Inc.",Jun/2026,$0.26,2
2026-07-28,SB,not-supplied,"Safe Bulkers, Inc",Jun/2026,,N/A
2026-07-28,SBCF,not-supplied,Seacoast Banking Corporation of Florida,Jun/2026,$0.60,3
2026-07-28,SEVN,not-supplied,Seven Hills Realty Trust,Jun/2026,,N/A
2026-07-28,SFBC,not-supplied,"Sound Financial Bancorp, Inc.",Jun/2026,,N/A
2026-07-28,SHW,not-supplied,Sherwin-Williams Company (The),Jun/2026,$3.56,6
2026-07-28,SIM,not-supplied,"Grupo Simec, S.A. de C.V.",Jun/2026,,N/A
2026-07-28,SLDE,not-supplied,"Slide Insurance Holdings, Inc.",Jun/2026,$0.88,2
2026-07-28,SNDL,not-supplied,SNDL Inc.,Jun/2026,($0.01),2
2026-07-28,SPGI,not-supplied,S&P Global Inc.,Jun/2026,$4.49,4
2026-07-28,SPWR,pre-market,SunPower Inc.,Jun/2026,($0.16),2
2026-07-28,SRBK,not-supplied,"SR Bancorp, Inc.",Jun/2026,,N/A
2026-07-28,SSBI,not-supplied,Summit State Bank,Jun/2026,,N/A
2026-07-28,STAG,not-supplied,"Stag Industrial, Inc.",Jun/2026,$0.65,2
2026-07-28,STX,not-supplied,Seagate Technology Holdings PLC,Jun/2026,$4.89,4
2026-07-28,SWKS,not-supplied,"Skyworks Solutions, Inc.",Jun/2026,$0.65,7
2026-07-28,TER,not-supplied,"Teradyne, Inc.",Jun/2026,$2.04,5
2026-07-28,THFF,not-supplied,First Financial Corporation,Jun/2026,$1.71,2
2026-07-28,THG,not-supplied,"The Hanover Insurance Group, Inc.",Jun/2026,$3.88,4
2026-07-28,TLRY,not-supplied,"Tilray Brands, Inc.",May/2026,($0.02),3
2026-07-28,TRMK,not-supplied,Trustmark Corporation,Jun/2026,$0.97,4
2026-07-28,TRTX,not-supplied,"TPG RE Finance Trust, Inc.",Jun/2026,$0.23,2
2026-07-28,TRU,not-supplied,TransUnion,Jun/2026,$0.99,5
2026-07-28,TSBK,not-supplied,"Timberland Bancorp, Inc.",Jun/2026,,N/A
2026-07-28,TTAM,not-supplied,Titan America SA,Jun/2026,$0.29,2
2026-07-28,TWO,not-supplied,Two Harbors Investments Corp,Jun/2026,$0.16,1
2026-07-28,TXT,not-supplied,Textron Inc.,Jun/2026,$1.52,3
2026-07-28,TZOO,not-supplied,Travelzoo,Jun/2026,$0.15,4
2026-07-28,UMBF,not-supplied,UMB Financial Corporation,Jun/2026,$3.08,5
2026-07-28,UNM,not-supplied,Unum Group,Jun/2026,$2.14,5
2026-07-28,UPS,not-supplied,"United Parcel Service, Inc.",Jun/2026,$1.65,9
2026-07-28,V,not-supplied,Visa Inc.,Jun/2026,$3.23,11
2026-07-28,VLTO,not-supplied,Veralto Corp.,Jun/2026,$1,4
2026-07-28,VRNS,not-supplied,"Varonis Systems, Inc.",Jun/2026,($0.27),8
2026-07-28,WERN,not-supplied,"Werner Enterprises, Inc.",Jun/2026,$0.22,5
2026-07-28,WM,not-supplied,"Waste Management, Inc.",Jun/2026,$1.99,9
2026-07-28,WNEB,not-supplied,"Western New England Bancorp, Inc.",Jun/2026,$0.25,2
2026-07-28,WPC,not-supplied,W. P. Carey Inc.,Jun/2026,$1.24,2
2026-07-28,XIFR,not-supplied,"XPLR Infrastructure, LP",Jun/2026,($0.50),1
2026-07-28,XPRO,not-supplied,Expro Ltd,Jun/2026,$0.07,1
2026-07-28,XYL,not-supplied,Xylem Inc.,Jun/2026,$1.34,7
2026-07-28,ZWS,not-supplied,Zurn Elkay Water Solutions Corporation,Jun/2026,$0.47,3
2026-07-29,ACR,not-supplied,ACRES Commercial Realty Corp.,Jun/2026,$0.03,1
2026-07-29,ADAM,not-supplied,"Adamas Trust, Inc.",Jun/2026,$0.25,1
2026-07-29,ADP,not-supplied,"Automatic Data Processing, Inc.",Jun/2026,$2.59,5
2026-07-29,ADPT,not-supplied,Adaptive Biotechnologies Corporation,Jun/2026,($0.13),4
2026-07-29,AEM,not-supplied,Agnico Eagle Mines Limited,Jun/2026,$2.89,5
2026-07-29,AER,not-supplied,AerCap Holdings N.V.,Jun/2026,$3.94,3
2026-07-29,AGI,not-supplied,Alamos Gold Inc.,Jun/2026,$0.52,3
2026-07-29,AHT,not-supplied,Ashford Hospitality Trust Inc,Jun/2026,$0.69,1
2026-07-29,ALGN,not-supplied,"Align Technology, Inc.",Jun/2026,$2.08,4
2026-07-29,ALKT,not-supplied,"Alkami Technology, Inc.",Jun/2026,$0.01,2
2026-07-29,ALRS,not-supplied,Alerus Financial Corporation,Jun/2026,$0.78,4
2026-07-29,AM,not-supplied,Antero Midstream Corporation,Jun/2026,$0.27,5
2026-07-29,AMRN,not-supplied,Amarin Corporation plc,Jun/2026,($0.21),1
2026-07-29,AMSC,not-supplied,American Superconductor Corporation,Jun/2026,$0.11,2
2026-07-29,ANIK,not-supplied,Anika Therapeutics Inc.,Jun/2026,($0.19),1
2026-07-29,AON,not-supplied,Aon plc,Jun/2026,$3.77,9
2026-07-29,APH,not-supplied,Amphenol Corporation,Jun/2026,$1.19,3
2026-07-29,AR,not-supplied,Antero Resources Corporation,Jun/2026,$0.73,6
2026-07-29,ARCB,not-supplied,ArcBest Corporation,Jun/2026,$2.30,4
2026-07-29,ARCC,not-supplied,Ares Capital Corporation,Jun/2026,$0.47,5
2026-07-29,ARIS,not-supplied,Aris Mining Corporation,Jun/2026,$0.39,1
2026-07-29,ARM,not-supplied,Arm Holdings plc,Jun/2026,$0.18,4
2026-07-29,ARXS,not-supplied,"Arxis, Inc.",Jun/2026,($0.07),1
2026-07-29,ASC,not-supplied,Ardmore Shipping Corporation,Jun/2026,,N/A
2026-07-29,ASIC,not-supplied,Ategrity Specialty Insurance Company Holdings,Jun/2026,$0.62,1
2026-07-29,ASTL,not-supplied,Algoma Steel Group Inc.,Jun/2026,($0.51),1
2026-07-29,AUR,not-supplied,"Aurora Innovation, Inc.",Jun/2026,($0.12),3
2026-07-29,AVTR,not-supplied,"Avantor, Inc.",Jun/2026,$0.19,7
2026-07-29,AWK,not-supplied,American Water Works,Jun/2026,$1.59,3
2026-07-29,AWRE,not-supplied,"Aware, Inc.",Jun/2026,,N/A
2026-07-29,AXGN,not-supplied,"AxoGen, Inc.",Jun/2026,($0.04),2
2026-07-29,BANC,not-supplied,"Banc of California, Inc.",Jun/2026,$0.40,5
2026-07-29,BAND,not-supplied,Bandwidth Inc.,Jun/2026,$0.05,3
2026-07-29,BBNX,not-supplied,"Beta Bionics, Inc.",Jun/2026,($0.62),4
2026-07-29,BBT,not-supplied,Beacon Financial Corporation,Jun/2026,$0.77,4
2026-07-29,BELFA,not-supplied,Bel Fuse Inc.,Jun/2026,,N/A
2026-07-29,BELFB,not-supplied,Bel Fuse Inc.,Jun/2026,$2.12,4
2026-07-29,BG,not-supplied,Bunge Global SA,Jun/2026,$2.03,2
2026-07-29,BHC,not-supplied,Bausch Health Companies Inc.,Jun/2026,$0.96,2
2026-07-29,BHE,not-supplied,"Benchmark Electronics, Inc.",Jun/2026,,N/A
2026-07-29,BIIB,not-supplied,Biogen Inc.,Jun/2026,$3.04,12
2026-07-29,BLCO,not-supplied,Bausch + Lomb Corporation,Jun/2026,$0.16,5
2026-07-29,BLKB,not-supplied,"Blackbaud, Inc.",Jun/2026,$0.79,2
2026-07-29,BNL,not-supplied,"Broadstone Net Lease, Inc.",Jun/2026,$0.37,3
2026-07-29,BOOM,not-supplied,DMC Global Inc.,Jun/2026,($0.15),3
2026-07-29,BOOT,not-supplied,"Boot Barn Holdings, Inc.",Jun/2026,$1.69,6
2026-07-29,BSAC,not-supplied,Banco Santander Chile,Jun/2026,$0.67,2
2026-07-29,BSX,not-supplied,Boston Scientific Corporation,Jun/2026,$0.83,7
2026-07-29,BTU,not-supplied,Peabody Energy Corporation,Jun/2026,($0.31),1
2026-07-29,CBRE,not-supplied,"CBRE Group, Inc.",Jun/2026,$1.47,4
2026-07-29,CBZ,not-supplied,"CBIZ, Inc.",Jun/2026,$0.73,4
2026-07-29,CCEC,not-supplied,Capital Clean Energy Carriers Corp.,Jun/2026,$0.20,2
2026-07-29,CFFN,not-supplied,"Capitol Federal Financial, Inc.",Jun/2026,$0.17,1
2026-07-29,CHDN,not-supplied,"Churchill Downs, Incorporated",Jun/2026,$3.51,2
2026-07-29,CHEF,not-supplied,"The Chefs' Warehouse, Inc.",Jun/2026,$0.64,2
2026-07-29,CHRW,not-supplied,"C.H. Robinson Worldwide, Inc.",Jun/2026,$1.53,6
2026-07-29,CLB,not-supplied,Core Laboratories Inc.,Jun/2026,$0.08,2
2026-07-29,CLH,not-supplied,"Clean Harbors, Inc.",Jun/2026,$2.74,6
2026-07-29,CLMB,not-supplied,"Climb Global Solutions, Inc.",Jun/2026,$0.29,1
2026-07-29,CLVT,not-supplied,Clarivate Plc,Jun/2026,$0.14,3
2026-07-29,CMG,not-supplied,"Chipotle Mexican Grill, Inc.",Jun/2026,$0.32,12
2026-07-29,CMPR,not-supplied,Cimpress PLC,Jun/2026,$1,2
2026-07-29,CMTG,not-supplied,"Claros Mortgage Trust, Inc.",Jun/2026,($0.42),1
2026-07-29,CNMD,not-supplied,CONMED Corporation,Jun/2026,$1.10,3
2026-07-29,CNXN,not-supplied,"PC Connection, Inc.",Jun/2026,$1.04,2
2026-07-29,CORT,not-supplied,Corcept Therapeutics Incorporated,Jun/2026,($0.04),3
2026-07-29,COUR,not-supplied,"Coursera, Inc.",Jun/2026,($0.03),4
2026-07-29,CP,not-supplied,Canadian Pacific Kansas City Limited,Jun/2026,$0.89,7
2026-07-29,CPSH,not-supplied,CPS Technologies Corp.,Jun/2026,$0,1
2026-07-29,CRK,not-supplied,"Comstock Resources, Inc.",Jun/2026,$0.02,4
2026-07-29,CSL,not-supplied,Carlisle Companies Incorporated,Jun/2026,$6.43,5
2026-07-29,CSTM,not-supplied,Constellium SE,Jun/2026,$0.91,2
2026-07-29,CTSH,not-supplied,Cognizant Technology Solutions Corporation,Jun/2026,$1.38,6
2026-07-29,CVE,not-supplied,Cenovus Energy Inc,Jun/2026,$1.11,2
2026-07-29,CVI,not-supplied,CVR Energy Inc.,Jun/2026,$0.18,2
2026-07-29,CVLG,not-supplied,"Covenant Logistics Group, Inc.",Jun/2026,,N/A
2026-07-29,CVNA,not-supplied,Carvana Co.,Jun/2026,$0.42,7
2026-07-29,CWH,not-supplied,"Camping World Holdings, Inc.",Jun/2026,$0.52,3
2026-07-29,CWT,not-supplied,California Water  Service Group Holding,Jun/2026,$0.79,1
2026-07-29,DB,not-supplied,Deutsche Bank AG,Jun/2026,$0.91,2
2026-07-29,DBD,not-supplied,Diebold Nixdorf Incorporated,Jun/2026,$1.10,3
2026-07-29,DLHC,not-supplied,DLH Holdings Corp.,Jun/2026,($0.17),1
2026-07-29,DMC,not-supplied,Del Monte Corporation,Jun/2026,,N/A
2026-07-29,DYN,not-supplied,"Dyne Therapeutics, Inc.",Jun/2026,($0.74),8
2026-07-29,E,not-supplied,ENI S.p.A.,Jun/2026,$1.90,2
2026-07-29,EDU,not-supplied,"New Oriental Education & Technology Group, Inc.",May/2026,$0.43,1
2026-07-29,EFOR,not-supplied,"Everforth, Inc.",Jun/2026,$0.81,1
2026-07-29,EG,not-supplied,"Everest Group, Ltd.",Jun/2026,$14.59,5
2026-07-29,EIG,not-supplied,Employers Holdings Inc,Jun/2026,$0.61,1
2026-07-29,EPR,not-supplied,EPR Properties,Jun/2026,$1.31,3
2026-07-29,EQIX,not-supplied,"Equinix, Inc.",Jun/2026,$10.14,5
2026-07-29,ESRT,not-supplied,"Empire State Realty Trust, Inc.",Jun/2026,,N/A
2026-07-29,ESS,not-supplied,"Essex Property Trust, Inc.",Jun/2026,$4.03,7
2026-07-29,ETD,not-supplied,Ethan Allen Interiors Inc.,Jun/2026,$0.34,2
2026-07-29,ETR,not-supplied,Entergy Corporation,Jun/2026,$0.94,7
2026-07-29,EVR,not-supplied,Evercore Inc.,Jun/2026,$3.02,4
2026-07-29,EXK,not-supplied,Endeavour Silver Corporation,Jun/2026,$0.15,2
2026-07-29,EXP,not-supplied,Eagle Materials Inc,Jun/2026,$3.26,2
2026-07-29,FBRT,not-supplied,"Franklin BSP Realty Trust, Inc.",Jun/2026,$0.20,2
2026-07-29,FCPT,not-supplied,"Four Corners Property Trust, Inc.",Jun/2026,$0.44,2
2026-07-29,FICO,not-supplied,Fair Isaac Corporation,Jun/2026,$10.37,4
2026-07-29,FINW,not-supplied,FinWise Bancorp,Jun/2026,$0.24,3
2026-07-29,FLEX,not-supplied,Flex Ltd.,Jun/2026,$0.86,4
2026-07-29,FLNA,not-supplied,"Filana Therapeutics, Inc.",Jun/2026,,N/A
2026-07-29,FLS,not-supplied,Flowserve Corporation,Jun/2026,$0.86,4
2026-07-29,FMC,not-supplied,FMC Corporation,Jun/2026,$0.21,4
2026-07-29,FNRN,not-supplied,First Northern Community Bancorp,Jun/2026,,N/A
2026-07-29,FNWB,not-supplied,First Northwest Bancorp,Jun/2026,$0.01,1
2026-07-29,FORM,not-supplied,"FormFactor, Inc.",Jun/2026,$0.51,4
2026-07-29,FPI,not-supplied,Farmland Partners Inc.,Jun/2026,$0.02,1
2026-07-29,FTAI,not-supplied,FTAI Aviation Ltd.,Jun/2026,$1.32,1
2026-07-29,FTNT,not-supplied,"Fortinet, Inc.",Jun/2026,$0.66,11
2026-07-29,FTRE,not-supplied,Fortrea Holdings Inc.,Jun/2026,$0.18,3
2026-07-29,FTV,not-supplied,Fortive Corporation,Jun/2026,$0.71,4
2026-07-29,FUSB,not-supplied,"First US Bancshares, Inc.",Jun/2026,,N/A
2026-07-29,FVRR,not-supplied,Fiverr International Ltd.,Jun/2026,$0.29,1
2026-07-29,FXNC,not-supplied,First National Corporation,Jun/2026,$0.59,2
2026-07-29,GBFH,not-supplied,GBank Financial Holdings Inc.,Jun/2026,$0.50,2
2026-07-29,GD,not-supplied,General Dynamics Corporation,Jun/2026,$3.95,6
2026-07-29,GEHC,not-supplied,GE HealthCare Technologies Inc.,Jun/2026,$1.04,6
2026-07-29,GFL,not-supplied,GFL Environmental Inc.,Jun/2026,$0.17,5
2026-07-29,GIB,not-supplied,CGI Inc.,Jun/2026,$1.66,3
2026-07-29,GKOS,not-supplied,Glaukos Corporation,Jun/2026,($0.28),5
2026-07-29,GNRC,not-supplied,Generac Holdings Inc.,Jun/2026,$1.95,6
2026-07-29,GRBK,not-supplied,"Green Brick Partners, Inc.",Jun/2026,,N/A
2026-07-29,GRMN,not-supplied,Garmin Ltd.,Jun/2026,$2.27,3
2026-07-29,GTX,not-supplied,Garrett Motion Inc.,Jun/2026,$0.46,4
2026-07-29,GWAV,not-supplied,"Greenwave Technology Solutions, Inc.",Mar/2026,,N/A
2026-07-29,HAYW,not-supplied,"Hayward Holdings, Inc.",Jun/2026,$0.24,3
2026-07-29,HBM,not-supplied,Hudbay Minerals Inc.,Jun/2026,$0.30,9
2026-07-29,HLI,not-supplied,"Houlihan Lokey, Inc.",Jun/2026,$1.64,4
2026-07-29,HOOD,not-supplied,"Robinhood Markets, Inc.",Jun/2026,$0.44,6
2026-07-29,HSBC,not-supplied,HSBC Holdings plc,Jun/2026,$2.24,1
2026-07-29,HUM,not-supplied,Humana Inc.,Jun/2026,$6.22,9
2026-07-29,HWBK,not-supplied,"Hawthorn Bancshares, Inc.",Jun/2026,,N/A
2026-07-29,HWKN,not-supplied,"Hawkins, Inc.",Jun/2026,$1.41,4
2026-07-29,HXL,not-supplied,Hexcel Corporation,Jun/2026,$0.56,3
2026-07-29,IART,not-supplied,Integra LifeSciences Holdings Corporation,Jun/2026,$0.48,4
2026-07-29,ICLR,not-supplied,ICON plc,Jun/2026,$2.26,3
2026-07-29,IEX,not-supplied,IDEX Corporation,Jun/2026,$2.10,5
2026-07-29,ILPT,not-supplied,Industrial Logistics Properties Trust,Jun/2026,$0.32,1
2026-07-29,INVH,not-supplied,Invitation Homes Inc.,Jun/2026,$0.48,5
2026-07-29,IONS,not-supplied,"Ionis Pharmaceuticals, Inc.",Jun/2026,($1.09),8
2026-07-29,ISOU,not-supplied,IsoEnergy Ltd.,Jun/2026,($0.07),1
2026-07-29,JCI,not-supplied,Johnson Controls International plc,Jun/2026,$1.32,6
2026-07-29,JOE,not-supplied,St. Joe Company (The),Jun/2026,,N/A
2026-07-29,KEX,not-supplied,Kirby Corporation,Jun/2026,$1.70,2
2026-07-29,KGC,not-supplied,Kinross Gold Corporation,Jun/2026,$0.66,7
2026-07-29,LAD,not-supplied,"Lithia Motors, Inc.",Jun/2026,$8.67,5
2026-07-29,LARK,not-supplied,Landmark Bancorp Inc.,Jun/2026,,N/A
2026-07-29,LBRDA,not-supplied,Liberty Broadband Corporation,Jun/2026,,N/A
2026-07-29,LBRDK,not-supplied,Liberty Broadband Corporation,Jun/2026,,N/A
2026-07-29,LENZ,not-supplied,"LENZ Therapeutics, Inc.",Jun/2026,($1.21),4
2026-07-29,LFUS,not-supplied,"Littelfuse, Inc.",Jun/2026,$3.77,1
2026-07-29,LHX,not-supplied,"L3Harris Technologies, Inc.",Jun/2026,$2.80,6
2026-07-29,LII,not-supplied,"Lennox International, Inc.",Jun/2026,$7.63,13
2026-07-29,LRCX,not-supplied,Lam Research Corporation,Jun/2026,$1.69,9
2026-07-29,LUNG,not-supplied,Pulmonx Corporation,Jun/2026,($0.28),2
2026-07-29,LXP,not-supplied,LXP Industrial Trust,Jun/2026,$0.83,3
2026-07-29,LXU,not-supplied,Lsb Industries Inc.,Jun/2026,,N/A
2026-07-29,LZM,pre-market,Lifezone Metals Limited,Jun/2026,,4
2026-07-29,MAA,not-supplied,"Mid-America Apartment Communities, Inc.",Jun/2026,$2.08,8
2026-07-29,MAS,not-supplied,Masco Corporation,Jun/2026,$1.30,6
2026-07-29,MAX,not-supplied,"MediaAlpha, Inc.",Jun/2026,$0.21,1
2026-07-29,MC,not-supplied,Moelis & Company,Jun/2026,$0.62,6
2026-07-29,MCHB,not-supplied,Mechanics Bancorp,Jun/2026,$0.25,1
2026-07-29,MDXG,not-supplied,"MiMedx Group, Inc",Jun/2026,,N/A
2026-07-29,META,not-supplied,"Meta Platforms, Inc.",Jun/2026,$7.10,13
2026-07-29,MFIN,not-supplied,Medallion Financial Corp.,Jun/2026,$0.27,3
2026-07-29,MGM,not-supplied,MGM Resorts International,Jun/2026,$0.63,7
2026-07-29,MGPI,not-supplied,"MGP Ingredients, Inc.",Jun/2026,$0.49,1
2026-07-29,MGRC,not-supplied,McGrath RentCorp,Jun/2026,$1.46,3
2026-07-29,MHO,not-supplied,"M/I Homes, Inc.",Jun/2026,$3.17,1
2026-07-29,MKL,not-supplied,Markel Group Inc.,Jun/2026,$29.94,1
2026-07-29,MNRO,not-supplied,"Monro, Inc.",Jun/2026,$0.04,1
2026-07-29,MOD,not-supplied,Modine Manufacturing Company,Jun/2026,$1.27,5
2026-07-29,MORN,not-supplied,"Morningstar, Inc.",Jun/2026,,N/A
2026-07-29,MRDN,not-supplied,Meridian Holdings Inc.,Jun/2026,$0.07,1
2026-07-29,MSFT,not-supplied,Microsoft Corporation,Jun/2026,$4.21,15
2026-07-29,MTG,not-supplied,MGIC Investment Corporation,Jun/2026,$0.74,3
2026-07-29,MTH,not-supplied,Meritage Homes Corporation,Jun/2026,$1.30,10
2026-07-29,MX,not-supplied,Magnachip Semiconductor Corporation,Jun/2026,,N/A
2026-07-29,MYRG,not-supplied,"MYR Group, Inc.",Jun/2026,$2.53,3
2026-07-29,NEU,not-supplied,NewMarket Corporation,Jun/2026,,N/A
2026-07-29,NEXT,not-supplied,NextDecade Corporation,Jun/2026,($0.87),1
2026-07-29,NFG,not-supplied,National Fuel Gas Company,Jun/2026,$1.47,3
2026-07-29,NGVT,not-supplied,Ingevity Corporation,Jun/2026,$1.31,1
2026-07-29,NHTC,not-supplied,Natural Health Trends Corp.,Jun/2026,,N/A
2026-07-29,NMR,not-supplied,Nomura Holdings Inc ADR,Jun/2026,$0.23,1
2026-07-29,NMRK,not-supplied,"Newmark Group, Inc.",Jun/2026,$0.40,2
2026-07-29,NPKI,not-supplied,NPK International Inc.,Jun/2026,$0.13,2
2026-07-29,NSP,not-supplied,"Insperity, Inc.",Jun/2026,($0.03),3
2026-07-29,NWE,not-supplied,"NorthWestern Energy Group, Inc.",Jun/2026,$0.42,2
2026-07-29,NWPX,not-supplied,"NWPX Infrastructure, Inc.",Jun/2026,$1.33,3
2026-07-29,ODFL,not-supplied,"Old Dominion Freight Line, Inc.",Jun/2026,$1.52,7
2026-07-29,OFLX,not-supplied,"Omega Flex, Inc.",Jun/2026,,4
2026-07-29,OGE,not-supplied,OGE Energy Corp,Jun/2026,$0.57,5
2026-07-29,OHI,not-supplied,"Omega Healthcare Investors, Inc.",Jun/2026,$0.77,2
2026-07-29,OMF,not-supplied,"OneMain Holdings, Inc.",Jun/2026,$1.31,5
2026-07-29,OPCH,not-supplied,"Option Care Health, Inc.",Jun/2026,$0.37,5
2026-07-29,ORLY,not-supplied,"O'Reilly Automotive, Inc.",Jun/2026,$0.85,10
2026-07-29,OSW,not-supplied,OneSpaWorld Holdings Limited,Jun/2026,$0.27,2
2026-07-29,PAG,not-supplied,"Penske Automotive Group, Inc.",Jun/2026,$3.38,5
2026-07-29,PB,not-supplied,"Prosperity Bancshares, Inc.",Jun/2026,$1.54,7
2026-07-29,PBI,not-supplied,Pitney Bowes Inc.,Jun/2026,$0.34,2
2026-07-29,PCOR,not-supplied,"Procore Technologies, Inc.",Jun/2026,$0.02,6
2026-07-29,PEB,not-supplied,Pebblebrook Hotel Trust,Jun/2026,$0.59,3
2026-07-29,PFS,not-supplied,"Provident Financial Services, Inc",Jun/2026,$0.56,4
2026-07-29,PFSI,not-supplied,"PennyMac Financial Services, Inc.",Jun/2026,$2.08,2
2026-07-29,PG,not-supplied,Procter & Gamble Company (The),Jun/2026,$1.41,10
2026-07-29,PI,not-supplied,"Impinj, Inc.",Jun/2026,$0.34,1
2026-07-29,PLPC,not-supplied,Preformed Line Products Company,Jun/2026,,N/A
2026-07-29,PLXS,not-supplied,Plexus Corp.,Jun/2026,$1.27,3
2026-07-29,PMCB,not-supplied,"PharmaCyte  Biotech, Inc.",Apr/2026,,N/A
2026-07-29,PMT,not-supplied,PennyMac Mortgage Investment Trust,Jun/2026,$0.30,3
2026-07-29,PPC,not-supplied,Pilgrim's Pride Corporation,Jun/2026,$0.75,2
2026-07-29,PRCH,not-supplied,"Porch Group, Inc.",Jun/2026,($0.04),2
2026-07-29,PRG,not-supplied,"PROG Holdings, Inc.",Jun/2026,$0.96,2
2026-07-29,PSA,not-supplied,Public Storage,Jun/2026,$4.25,6
2026-07-29,PSHG,not-supplied,Performance Shipping Inc.,Jun/2026,,N/A
2026-07-29,PSN,not-supplied,Parsons Corporation,Jun/2026,$0.66,4
2026-07-29,PSQH,not-supplied,"PSQ Holdings, Inc.",Jun/2026,,N/A
2026-07-29,PTC,not-supplied,PTC Inc.,Jun/2026,$1.19,6
2026-07-29,PTEN,not-supplied,"Patterson-UTI Energy, Inc.",Jun/2026,($0.03),8
2026-07-29,PUMP,not-supplied,ProPetro Holding Corp.,Jun/2026,($0.01),5
2026-07-29,QCOM,not-supplied,QUALCOMM Incorporated,Jun/2026,$1.54,8
2026-07-29,QTWO,not-supplied,"Q2 Holdings, Inc.",Jun/2026,$0.42,3
2026-07-29,QURE,not-supplied,uniQure N.V.,Jun/2026,($0.81),2
2026-07-29,RDWR,not-supplied,Radware Ltd.,Jun/2026,,N/A
2026-07-29,REG,not-supplied,Regency Centers Corporation,Jun/2026,$1.20,6
2026-07-29,REYN,not-supplied,Reynolds Consumer Products Inc.,Jun/2026,$0.41,1
2026-07-29,RGR,not-supplied,"Sturm, Ruger & Company, Inc.",Jun/2026,,N/A
2026-07-29,RM,not-supplied,Regional Management Corp.,Jun/2026,,N/A
2026-07-29,RSI,not-supplied,"Rush Street Interactive, Inc.",Jun/2026,$0.12,2
2026-07-29,RYZ,not-supplied,Ryerson Holding Corporation,Jun/2026,$0.40,1
2026-07-29,SBUX,not-supplied,Starbucks Corporation,Jun/2026,$0.66,11
2026-07-29,SCI,not-supplied,Service Corporation International,Jun/2026,$0.89,4
2026-07-29,SCL,not-supplied,Stepan Company,Jun/2026,$0.61,2
2026-07-29,SFM,not-supplied,"Sprouts Farmers Market, Inc.",Jun/2026,$1.35,6
2026-07-29,SHEN,not-supplied,Shenandoah Telecommunications Co,Jun/2026,($0.28),1
2026-07-29,SILC,not-supplied,Silicom Ltd,Jun/2026,,N/A
2026-07-29,SIMO,not-supplied,Silicon Motion Technology Corporation,Jun/2026,$2,6
2026-07-29,SITE,not-supplied,"SiteOne Landscape Supply, Inc.",Jun/2026,$3.36,3
2026-07-29,SKHY,not-supplied,SK hynix Inc.,Jun/2026,$5.12,1
2026-07-29,SLGN,not-supplied,Silgan Holdings Inc.,Jun/2026,$0.96,5
2026-07-29,SMG,not-supplied,Scotts Miracle-Gro Company (The),Jun/2026,$2.53,5
2026-07-29,SMHI,not-supplied,SEACOR Marine Holdings Inc.,Jun/2026,($1.24),1
2026-07-29,SOFI,not-supplied,"SoFi Technologies, Inc.",Jun/2026,$0.11,5
2026-07-29,SONO,not-supplied,"Sonos, Inc.",Jun/2026,$0.05,1
2026-07-29,SPNT,not-supplied,SiriusPoint Ltd.,Jun/2026,$0.65,3
2026-07-29,SPOK,not-supplied,"Spok Holdings, Inc.",Jun/2026,$0.15,1
2026-07-29,ST,not-supplied,Sensata Technologies Holding plc,Jun/2026,$0.93,2
2026-07-29,STRA,not-supplied,"Strategic Education, Inc.",Jun/2026,$1.79,2
2026-07-29,SVCC,not-supplied,Stellar V Capital Corp.,Jun/2026,,4
2026-07-29,SW,not-supplied,Smurfit WestRock plc,Jun/2026,$0.42,4
2026-07-29,SWK,not-supplied,"Stanley Black & Decker, Inc.",Jun/2026,$1.20,5
2026-07-29,SYBT,not-supplied,"Stock Yards Bancorp, Inc.",Jun/2026,$1.17,4
2026-07-29,TDOC,not-supplied,"Teladoc Health, Inc.",Jun/2026,($0.24),9
2026-07-29,TENB,not-supplied,"Tenable Holdings, Inc.",Jun/2026,$0.10,7
2026-07-29,TEVA,not-supplied,Teva Pharmaceutical Industries Limited,Jun/2026,$0.05,3
2026-07-29,TIPT,not-supplied,Tiptree Inc.,Jun/2026,,N/A
2026-07-29,TK,not-supplied,Teekay Corporation Ltd.,Jun/2026,,N/A
2026-07-29,TNK,not-supplied,Teekay Tankers Ltd.,Jun/2026,$5.23,1
2026-07-29,TREE,not-supplied,"LendingTree, Inc.",Jun/2026,$0.91,2
2026-07-29,TTEK,not-supplied,"Tetra Tech, Inc.",Jun/2026,$0.40,2
2026-07-29,TYL,not-supplied,"Tyler Technologies, Inc.",Jun/2026,$2.37,7
2026-07-29,UAN,not-supplied,"CVR Partners, LP",Jun/2026,,N/A
2026-07-29,UBS,not-supplied,UBS AG,Jun/2026,$0.90,2
2026-07-29,UFPI,not-supplied,"UFP Industries, Inc.",Jun/2026,$1.44,3
2026-07-29,UIS,not-supplied,Unisys Corporation,Jun/2026,($0.03),2
2026-07-29,ULCC,not-supplied,"Frontier Group Holdings, Inc.",Jun/2026,($0.47),6
2026-07-29,UMC,not-supplied,United Microelectronics Corporation,Jun/2026,$0.16,2
2026-07-29,USLM,not-supplied,"United States Lime & Minerals, Inc.",Jun/2026,,N/A
2026-07-29,VALU,not-supplied,"Value Line, Inc.",Apr/2026,,N/A
2026-07-29,VET,not-supplied,Vermilion Energy Inc.,Jun/2026,,N/A
2026-07-29,VFC,not-supplied,V.F. Corporation,Jun/2026,($0.22),7
2026-07-29,VGZ,not-supplied,Vista Gold Corporation,Jun/2026,,N/A
2026-07-29,VICI,not-supplied,VICI Properties Inc.,Jun/2026,$0.62,7
2026-07-29,VKTX,not-supplied,"Viking Therapeutics, Inc.",Jun/2026,($1.21),9
2026-07-29,VMC,not-supplied,Vulcan Materials Company,Jun/2026,$2.50,6
2026-07-29,VRSK,not-supplied,"Verisk Analytics, Inc.",Jun/2026,$1.94,7
2026-07-29,VRT,not-supplied,"Vertiv Holdings, LLC",Jun/2026,$1.43,7
2026-07-29,VTR,not-supplied,"Ventas, Inc.",Jun/2026,$0.96,6
2026-07-29,WAY,not-supplied,Waystar Holding Corp.,Jun/2026,$0.35,6
2026-07-29,WEC,not-supplied,"WEC Energy Group, Inc.",Jun/2026,$0.80,4
2026-07-29,WFG,not-supplied,West Fraser Timber Co. Ltd,Jun/2026,,N/A
2026-07-29,WHD,not-supplied,"Cactus, Inc.",Jun/2026,$0.71,4
2026-07-29,WING,not-supplied,Wingstop Inc.,Jun/2026,$1.02,6
2026-07-29,WNC,not-supplied,Wabash National Corporation,Jun/2026,($0.56),2
2026-07-29,WSO,not-supplied,"Watsco, Inc.",Jun/2026,$4.38,5
2026-07-29,WSO.B,not-supplied,"Watsco, Inc.",Jun/2026,,N/A
2026-07-29,WWD,not-supplied,"Woodward, Inc.",Jun/2026,$2.39,3
2026-07-30,AAMI,not-supplied,Acadian Asset Management Inc.,Jun/2026,$1.03,1
2026-07-30,AAPL,not-supplied,Apple Inc.,Jun/2026,$1.88,11
2026-07-30,ABEV,not-supplied,Ambev S.A.,Jun/2026,$0.04,1
2026-07-30,ACCO,not-supplied,Acco Brands Corporation,Jun/2026,$0.27,3
2026-07-30,ADC,not-supplied,Agree Realty Corporation,Jun/2026,$1.11,4
2026-07-30,ADT,not-supplied,ADT Inc.,Jun/2026,$0.21,1
2026-07-30,AEE,not-supplied,Ameren Corporation,Jun/2026,$1.08,5
2026-07-30,AEP,not-supplied,"American Electric Power Company, Inc.",Jun/2026,$1.49,7
2026-07-30,AES,not-supplied,The AES Corporation,Jun/2026,,N/A
2026-07-30,AG,not-supplied,First Majestic Silver Corp.,Jun/2026,$0.25,1
2026-07-30,AGCO,not-supplied,AGCO Corporation,Jun/2026,$1.54,7
2026-07-30,AGIO,not-supplied,"Agios Pharmaceuticals, Inc.",Jun/2026,($1.86),4
2026-07-30,AGM,not-supplied,Federal Agricultural Mortgage Corporation,Jun/2026,$4.98,2
2026-07-30,AJG,not-supplied,Arthur J. Gallagher & Co.,Jun/2026,$2.84,6
2026-07-30,ALGM,not-supplied,"Allegro MicroSystems, Inc.",Jun/2026,$0.16,1
2026-07-30,ALHC,not-supplied,"Alignment Healthcare, Inc.",Jun/2026,$0.13,4
2026-07-30,ALNY,not-supplied,"Alnylam Pharmaceuticals, Inc.",Jun/2026,$1.44,8
2026-07-30,AMCX,not-supplied,AMC Global Media Inc.,Jun/2026,($0.01),2
2026-07-30,AMG,not-supplied,"Affiliated Managers Group, Inc.",Jun/2026,$7.85,5
2026-07-30,AMH,not-supplied,American Homes 4 Rent,Jun/2026,$0.47,5
2026-07-30,AMRX,not-supplied,"Amneal Pharmaceuticals, Inc.",Jun/2026,$0.24,1
2026-07-30,AMZN,not-supplied,"Amazon.com, Inc.",Jun/2026,$1.83,13
2026-07-30,AOS,not-supplied,A.O. Smith Corporation,Jun/2026,$0.96,6
2026-07-30,APD,not-supplied,"Air Products and Chemicals, Inc.",Jun/2026,$3.36,7
2026-07-30,APG,not-supplied,APi Group Corporation,Jun/2026,$0.44,4
2026-07-30,AQMS,not-supplied,"Aqua Metals, Inc.",Jun/2026,,N/A
2026-07-30,ASUR,not-supplied,Asure Software Inc,Jun/2026,$0.04,3
2026-07-30,ASX,not-supplied,"ASE Technology Holding Co., Ltd.",Jun/2026,$0.23,2
2026-07-30,ATHM,not-supplied,Autohome Inc.,Jun/2026,$0.26,2
2026-07-30,ATR,not-supplied,"AptarGroup, Inc.",Jun/2026,$1.34,4
2026-07-30,AUPH,not-supplied,Aurinia Pharmaceuticals Inc,Jun/2026,$0.18,2
2026-07-30,AVD,not-supplied,American Vanguard Corporation,Jun/2026,,1
2026-07-30,AVXL,not-supplied,Anavex Life Sciences Corp.,Mar/2026,,N/A
2026-07-30,AVY,not-supplied,Avery Dennison Corporation,Jun/2026,$2.47,5
2026-07-30,AX,not-supplied,"Axos Financial, Inc.",Jun/2026,$2.15,4
2026-07-30,AXTI,not-supplied,AXT Inc,Jun/2026,$0.05,3
2026-07-30,BAX,not-supplied,Baxter International Inc.,Jun/2026,$0.36,7
2026-07-30,BBAI,not-supplied,"BigBear.ai, Inc.",Jun/2026,($0.05),2
2026-07-30,BBVA,not-supplied,Banco Bilbao Vizcaya Argentaria S.A.,Jun/2026,$0.59,2
2026-07-30,BC,not-supplied,Brunswick Corporation,Jun/2026,$1.20,7
2026-07-30,BCYC,not-supplied,Bicycle Therapeutics plc,Jun/2026,($0.37),1
2026-07-30,BDC,not-supplied,Belden Inc,Jun/2026,$2.04,1
2026-07-30,BFAM,not-supplied,Bright Horizons Family Solutions Inc.,Jun/2026,$1.11,3
2026-07-30,BFLY,not-supplied,"Butterfly Network, Inc.",Jun/2026,($0.05),1
2026-07-30,BGC,not-supplied,"BGC Group, Inc.",Jun/2026,$0.34,2
2026-07-30,BIP,not-supplied,Brookfield Infrastructure Partners LP,Jun/2026,$0.88,2
2026-07-30,BIPC,pre-market,Brookfield Infrastructure Corporation,Jun/2026,$0.38,1
2026-07-30,BJRI,not-supplied,"BJ's Restaurants, Inc.",Jun/2026,$0.87,4
2026-07-30,BLDR,not-supplied,"Builders FirstSource, Inc.",Jun/2026,$1.29,5
2026-07-30,BMY,not-supplied,Bristol-Myers Squibb Company,Jun/2026,$1.59,8
2026-07-30,BOTJ,not-supplied,"Bank of the James Financial Group, Inc.",Jun/2026,,N/A
2026-07-30,BSBK,not-supplied,Bogota Financial Corp.,Jun/2026,,N/A
2026-07-30,BTE,not-supplied,Baytex Energy Corp.,Jun/2026,$0.08,1
2026-07-30,BUD,not-supplied,Anheuser-Busch Inbev SA,Jun/2026,$1.09,4
2026-07-30,BVN,not-supplied,Buenaventura Mining Company Inc.,Jun/2026,$0.99,2
2026-07-30,BWIN,not-supplied,"The Baldwin Insurance Group, Inc.",Jun/2026,$0.28,3
2026-07-30,BXMT,not-supplied,"Capital Trust, Inc.",Jun/2026,$0.36,2
2026-07-30,CBIO,not-supplied,"Crescent Biopharma, Inc.",Jun/2026,($0.78),4
2026-07-30,CCB,not-supplied,Coastal Financial Corporation,Jun/2026,$0.95,1
2026-07-30,CCC,not-supplied,CCC Intelligent Solutions Holdings Inc.,Jun/2026,$0.05,6
2026-07-30,CDNA,not-supplied,"CareDx, Inc.",Jun/2026,$0.06,1
2026-07-30,CDRO,pre-market,"Codere Online Luxembourg, S.A.",Jun/2026,$0.05,1
2026-07-30,CERS,not-supplied,Cerus Corporation,Jun/2026,,N/A
2026-07-30,CFR,not-supplied,"Cullen/Frost Bankers, Inc.",Jun/2026,$2.53,5
2026-07-30,CHKP,not-supplied,Check Point Software Technologies Ltd.,Jun/2026,$1.95,11
2026-07-30,CI,not-supplied,The Cigna Group,Jun/2026,$7.58,6
2026-07-30,CIGI,not-supplied,Colliers International Group Inc.,Jun/2026,$1.63,1
2026-07-30,CLAR,not-supplied,Clarus Corporation,Jun/2026,($0.08),2
2026-07-30,CLBK,not-supplied,"Columbia Financial, Inc.",Jun/2026,$0.05,2
2026-07-30,CLST,not-supplied,"Catalyst Bancorp, Inc.",Jun/2026,,N/A
2026-07-30,CMCO,not-supplied,Columbus McKinnon Corporation,Jun/2026,$0.28,2
2026-07-30,CNK,not-supplied,Cinemark Holdings Inc,Jun/2026,$1.02,7
2026-07-30,CNO,not-supplied,"CNO Financial Group, Inc.",Jun/2026,$0.99,1
2026-07-30,CNX,not-supplied,CNX Resources Corporation,Jun/2026,$0.54,5
2026-07-30,COCH,not-supplied,"Envoy Medical, Inc.",Jun/2026,($0.09),1
2026-07-30,COHN,not-supplied,Cohen & Company Inc.,Jun/2026,$0.42,1
2026-07-30,COHU,not-supplied,"Cohu, Inc.",Jun/2026,$0.04,2
2026-07-30,COIN,not-supplied,"Coinbase Global, Inc.",Jun/2026,$0.14,8
2026-07-30,COLM,not-supplied,Columbia Sportswear Company,Jun/2026,($0.41),4
2026-07-30,CPT,not-supplied,Camden Property Trust,Jun/2026,$1.67,5
2026-07-30,CRH,not-supplied,CRH PLC,Jun/2026,$1.96,3
2026-07-30,CROX,not-supplied,"Crocs, Inc.",Jun/2026,$4.32,6
2026-07-30,CRS,not-supplied,Carpenter Technology Corporation,Jun/2026,$3.03,4
2026-07-30,CSTL,not-supplied,"Castle Biosciences, Inc.",Jun/2026,($0.44),1
2026-07-30,CSW,not-supplied,"CSW Industrials, Inc.",Jun/2026,$3.66,2
2026-07-30,CTNM,not-supplied,"Contineum Therapeutics, Inc.",Jun/2026,($0.46),3
2026-07-30,CTVA,not-supplied,"Corteva, Inc.",Jun/2026,$2.24,6
2026-07-30,CUBE,not-supplied,CubeSmart,Jun/2026,$0.64,4
2026-07-30,CUZ,not-supplied,Cousins Properties Incorporated,Jun/2026,$0.74,3
2026-07-30,CVCO,not-supplied,"Cavco Industries, Inc.",Jun/2026,,N/A
2026-07-30,CVEO,not-supplied,Civeo Corporation,Jun/2026,($0.30),2
2026-07-30,CZFS,not-supplied,"Citizens Financial Services, Inc.",Jun/2026,$1.98,1
2026-07-30,DAR,not-supplied,Darling Ingredients Inc.,Jun/2026,$1.45,2
2026-07-30,DFH,not-supplied,"Dream Finders Homes, Inc.",Jun/2026,,N/A
2026-07-30,DFIN,not-supplied,"Donnelley Financial Solutions, Inc.",Jun/2026,$1.53,1
2026-07-30,DFTX,not-supplied,"Definium Therapeutics, Inc.",Jun/2026,($0.55),5
2026-07-30,DGICA,not-supplied,"Donegal Group, Inc.",Jun/2026,$0.46,1
2026-07-30,DGICB,not-supplied,"Donegal Group, Inc.",Jun/2026,,N/A
2026-07-30,DLB,not-supplied,Dolby Laboratories,Jun/2026,$0.40,3
2026-07-30,DOUG,not-supplied,Douglas Elliman Inc.,Jun/2026,,1
2026-07-30,DRH,not-supplied,Diamondrock Hospitality Company,Jun/2026,$0.37,4
2026-07-30,DRS,not-supplied,"Leonardo DRS, Inc.",Jun/2026,$0.27,3
2026-07-30,DSX,not-supplied,Diana Shipping inc.,Jun/2026,,N/A
2026-07-30,DTM,not-supplied,"DT Midstream, Inc.",Jun/2026,$1.14,5
2026-07-30,DXC,not-supplied,DXC Technology Company,Jun/2026,$0.42,3
2026-07-30,DXCM,not-supplied,"DexCom, Inc.",Jun/2026,$0.61,9
2026-07-30,EEFT,not-supplied,"Euronet Worldwide, Inc.",Jun/2026,$2.69,3
2026-07-30,EGO,not-supplied,Eldorado Gold Corporation,Jun/2026,$0.52,3
2026-07-30,EIX,not-supplied,Edison International,Jun/2026,$1.02,5
2026-07-30,EME,not-supplied,"EMCOR Group, Inc.",Jun/2026,$7.23,4
2026-07-30,EMN,not-supplied,Eastman Chemical Company,Jun/2026,$1.80,6
2026-07-30,EPD,not-supplied,Enterprise Products Partners L.P.,Jun/2026,$0.75,5
2026-07-30,ERIE,not-supplied,Erie Indemnity Company,Jun/2026,$3.35,1
2026-07-30,ES,not-supplied,Eversource Energy,Jun/2026,$0.88,5
2026-07-30,ESCA,not-supplied,"Escalade, Incorporated",Jun/2026,,N/A
2026-07-30,EXC,not-supplied,Exelon Corporation,Jun/2026,$0.43,5
2026-07-30,EXPO,not-supplied,"Exponent, Inc.",Jun/2026,$0.55,2
2026-07-30,FATN,not-supplied,"FATPIPE, INC.",Jun/2026,$0.07,2
2026-07-30,FBIZ,not-supplied,"First Business Financial Services, Inc.",Jun/2026,$1.54,4
2026-07-30,FBLG,not-supplied,"FibroBiologics, Inc.",Jun/2026,($0.93),1
2026-07-30,FCBM,not-supplied,"First Carolina Financial Services, Inc.",Jun/2026,$0.19,1
2026-07-30,FCN,not-supplied,"FTI Consulting, Inc.",Jun/2026,$2.09,1
2026-07-30,FET,not-supplied,"Forum Energy Technologies, Inc.",Jun/2026,$0.57,2
2026-07-30,FHI,not-supplied,"Federated Hermes, Inc.",Jun/2026,$1.19,2
2026-07-30,FLGT,not-supplied,"Fulgent Genetics, Inc.",Jun/2026,($0.79),1
2026-07-30,FND,not-supplied,"Floor & Decor Holdings, Inc.",Jun/2026,$0.57,6
2026-07-30,FORR,not-supplied,"Forrester Research, Inc.",Jun/2026,$0.17,2
2026-07-30,FRBT,not-supplied,"Forbright, Inc.",Jun/2026,$0.13,2
2026-07-30,FSLR,not-supplied,"First Solar, Inc.",Jun/2026,$2.74,8
2026-07-30,FSS,not-supplied,Federal Signal Corporation,Jun/2026,$1.28,7
2026-07-30,FTI,not-supplied,TechnipFMC plc,Jun/2026,$0.80,12
2026-07-30,GATX,not-supplied,GATX Corporation,Jun/2026,,N/A
2026-07-30,GDDY,not-supplied,GoDaddy Inc.,Jun/2026,$1.72,6
2026-07-30,GDYN,not-supplied,"Grid Dynamics Holdings, Inc.",Jun/2026,$0.02,3
2026-07-30,GH,not-supplied,"Guardant Health, Inc.",Jun/2026,($0.74),3
2026-07-30,GHC,not-supplied,Graham Holdings Company,Jun/2026,,N/A
2026-07-30,GIGM,not-supplied,GigaMedia Limited,Jun/2026,,1
2026-07-30,GIL,not-supplied,"Gildan Activewear, Inc.",Jun/2026,$1.11,2
2026-07-30,GLPI,not-supplied,"Gaming and Leisure Properties, Inc.",Jun/2026,$1,6
2026-07-30,GOOS,not-supplied,Canada Goose Holdings Inc.,Jun/2026,($0.63),1
2026-07-30,GPI,not-supplied,"Group 1 Automotive, Inc.",Jun/2026,$10.79,5
2026-07-30,GSIT,not-supplied,"GSI Technology, Inc.",Jun/2026,,N/A
2026-07-30,GVA,not-supplied,Granite Construction Incorporated,Jun/2026,$2.27,1
2026-07-30,H,not-supplied,Hyatt Hotels Corporation,Jun/2026,$0.90,7
2026-07-30,HCM,pre-market,HUTCHMED (China) Limited,Jun/2026,,1
2026-07-30,HFBL,not-supplied,"Home Federal Bancorp, Inc. of Louisiana",Jun/2026,,N/A
2026-07-30,HGV,not-supplied,Hilton Grand Vacations Inc.,Jun/2026,$0.86,3
2026-07-30,HII,not-supplied,"Huntington Ingalls Industries, Inc.",Jun/2026,$3.79,7
2026-07-30,HIPO,not-supplied,Hippo Holdings Inc.,Jun/2026,($0.02),2
2026-07-30,HLN,pre-market,Haleon plc,Jun/2026,,1
2026-07-30,HNI,not-supplied,HNI Corporation,Jun/2026,$1.04,1
2026-07-30,HR,not-supplied,Healthcare Realty Trust Incorporated,Jun/2026,$0.40,3
2026-07-30,HSY,not-supplied,Hershey Company (The),Jun/2026,$1.45,7
2026-07-30,HTGC,not-supplied,"Hercules Capital, Inc.",Jun/2026,$0.50,1
2026-07-30,HTLD,not-supplied,"Heartland Express, Inc.",Jun/2026,$0,2
2026-07-30,HUBG,not-supplied,"Hub Group, Inc.",Jun/2026,$0.52,3
2026-07-30,HUN,not-supplied,Huntsman Corporation,Jun/2026,$0.06,7
2026-07-30,HWH,not-supplied,HWH International Inc.,Jun/2026,,N/A
2026-07-30,ICE,not-supplied,Intercontinental Exchange Inc.,Jun/2026,$1.84,7
2026-07-30,IDA,not-supplied,"IDACORP, Inc.",Jun/2026,$1.75,3
2026-07-30,IDCC,not-supplied,"InterDigital, Inc.",Jun/2026,$1.29,2
2026-07-30,ILMN,not-supplied,"Illumina, Inc.",Jun/2026,$1.23,5
2026-07-30,INBK,not-supplied,First Internet Bancorp,Jun/2026,$0.03,2
2026-07-30,ING,not-supplied,"ING Group, N.V.",Jun/2026,$0.75,2
2026-07-30,INGM,not-supplied,Ingram Micro Holding Corporation,Jun/2026,$0.73,5
2026-07-30,IP,not-supplied,International Paper Company,Jun/2026,($0.04),5
2026-07-30,IR,not-supplied,Ingersoll Rand Inc.,Jun/2026,$0.80,4
2026-07-30,IRON,not-supplied,"Disc Medicine, Inc.",Jun/2026,($1.58),5
2026-07-30,IVR,not-supplied,INVESCO MORTGAGE CAPITAL INC,Jun/2026,$0.47,1
2026-07-30,JLL,not-supplied,Jones Lang LaSalle Incorporated,Jun/2026,$4.41,4
2026-07-30,KBR,not-supplied,"KBR, Inc.",Jun/2026,$0.92,4
2026-07-30,KKR,not-supplied,KKR & Co. Inc.,Jun/2026,$1.28,6
2026-07-30,KRG,not-supplied,Kite Realty Group Trust,Jun/2026,$0.52,5
2026-07-30,KWR,not-supplied,Quaker Houghton,Jun/2026,$1.68,4
2026-07-30,LAUR,not-supplied,"Laureate Education, Inc.",Jun/2026,$0.96,3
2026-07-30,LECO,not-supplied,"Lincoln Electric Holdings, Inc.",Jun/2026,$2.81,7
2026-07-30,LH,not-supplied,Labcorp Holdings Inc.,Jun/2026,$4.79,7
2026-07-30,LKQ,not-supplied,LKQ Corporation,Jun/2026,$0.73,5
2026-07-30,LNC,not-supplied,Lincoln National Corporation,Jun/2026,$2,4
2026-07-30,LNT,not-supplied,Alliant Energy Corporation,Jun/2026,$0.66,3
2026-07-30,LOPE,not-supplied,"Grand Canyon Education, Inc.",Jun/2026,$1.69,1
2026-07-30,LPLA,not-supplied,LPL Financial Holdings Inc.,Jun/2026,$5.39,6
2026-07-30,LSPD,not-supplied,Lightspeed Commerce Inc.,Jun/2026,$0.04,2
2026-07-30,LTH,not-supplied,"Life Time Group Holdings, Inc.",Jun/2026,$0.39,3
2026-07-30,LYG,not-supplied,Lloyds Banking Group Plc,Jun/2026,$0.14,2
2026-07-30,LYV,not-supplied,"Live Nation Entertainment, Inc.",Jun/2026,$0.59,7
2026-07-30,MA,not-supplied,Mastercard Incorporated,Jun/2026,$4.77,12
2026-07-30,MAIR,not-supplied,Madison Air Solutions Corporation,Jun/2026,$0.24,2
2026-07-30,MCS,not-supplied,Marcus Corporation (The),Jun/2026,$0.35,3
2026-07-30,MDGL,not-supplied,"Madrigal Pharmaceuticals, Inc.",Jun/2026,($2.55),5
2026-07-30,MFG,not-supplied,"Mizuho Financial Group, Inc.",Jun/2026,$0.17,1
2026-07-30,MHK,not-supplied,"Mohawk Industries, Inc.",Jun/2026,$2.57,4
2026-07-30,MKTX,not-supplied,"MarketAxess Holdings, Inc.",Jun/2026,$1.88,9
2026-07-30,MLCO,not-supplied,Melco Resorts & Entertainment Limited,Jun/2026,$0.05,2
2026-07-30,MLM,not-supplied,"Martin Marietta Materials, Inc.",Jun/2026,$4.62,7
2026-07-30,MMSI,not-supplied,"Merit Medical Systems, Inc.",Jun/2026,$0.85,5
2026-07-30,MO,not-supplied,Altria Group,Jun/2026,$1.50,4
2026-07-30,MPWR,not-supplied,"Monolithic Power Systems, Inc.",Jun/2026,$4.84,5
2026-07-30,MRBK,not-supplied,Meridian Corporation,Jun/2026,$0.51,2
2026-07-30,MSA,not-supplied,MSA Safety Incorporporated,Jun/2026,$2.14,5
2026-07-30,MSC,not-supplied,Studio City International Holdings Limited,Jun/2026,,1
2026-07-30,MSEX,not-supplied,Middlesex Water Company,Jun/2026,,N/A
2026-07-30,MSTR,not-supplied,Strategy Inc,Jun/2026,$52.04,1
2026-07-30,MT,not-supplied,ArcelorMittal,Jun/2026,$1.18,3
2026-07-30,MTD,not-supplied,"Mettler-Toledo International, Inc.",Jun/2026,$10.78,4
2026-07-30,MTX,not-supplied,Minerals Technologies Inc.,Jun/2026,$1.64,2
2026-07-30,MTZ,not-supplied,"MasTec, Inc.",Jun/2026,$2.08,5
2026-07-30,MWYN,not-supplied,"Marwynn Holdings, Inc.",Apr/2026,,N/A
2026-07-30,MYE,not-supplied,"Myers Industries, Inc.",Jun/2026,,N/A
2026-07-30,MYGN,not-supplied,"Myriad Genetics, Inc.",Jun/2026,($0.08),1
2026-07-30,NBIX,not-supplied,"Neurocrine Biosciences, Inc.",Jun/2026,$1.88,7
2026-07-30,NCLH,not-supplied,Norwegian Cruise Line Holdings Ltd.,Jun/2026,$0.34,6
2026-07-30,NCSM,not-supplied,"NCS Multistage Holdings, Inc.",Jun/2026,($0.88),1
2026-07-30,NEOG,not-supplied,Neogen Corporation,May/2026,$0.03,3
2026-07-30,NMIH,not-supplied,NMI Holdings Inc,Jun/2026,$1.28,3
2026-07-30,NVNO,not-supplied,enVVeno Medical Corporation,Jun/2026,,N/A
2026-07-30,NXT,not-supplied,Nextpower Inc.,Jun/2026,$0.80,4
2026-07-30,OBE,not-supplied,Obsidian Energy Ltd.,Jun/2026,,N/A
2026-07-30,OCFC,not-supplied,OceanFirst Financial Corp.,Jun/2026,$0.42,4
2026-07-30,OFS,not-supplied,OFS Capital Corporation,Jun/2026,,N/A
2026-07-30,OIS,not-supplied,"Oil States International, Inc.",Jun/2026,$0.11,2
2026-07-30,OLED,not-supplied,Universal Display Corporation,Jun/2026,$1.04,4
2026-07-30,OLN,not-supplied,Olin Corporation,Jun/2026,$0.07,5
2026-07-30,OMCL,not-supplied,"Omnicell, Inc.",Jun/2026,$0.31,2
2026-07-30,ONEW,not-supplied,OneWater Marine Inc.,Jun/2026,$0.94,1
2026-07-30,OWL,not-supplied,Blue Owl Capital Inc.,Jun/2026,$0.22,7
2026-07-30,PACK,not-supplied,Ranpak Holdings Corp,Jun/2026,,N/A
2026-07-30,PATK,not-supplied,"Patrick Industries, Inc.",Jun/2026,$1.23,4
2026-07-30,PBA,not-supplied,Pembina Pipeline Corp.,Jun/2026,$0.49,2
2026-07-30,PBF,not-supplied,PBF Energy Inc.,Jun/2026,$4.05,4
2026-07-30,PBHC,not-supplied,"Pathfinder Bancorp, Inc.",Jun/2026,,N/A
2026-07-30,PEN,not-supplied,"Penumbra, Inc.",Jun/2026,$1.15,1
2026-07-30,PFIS,not-supplied,Peoples Financial Services Corp.,Jun/2026,,N/A
2026-07-30,PGY,not-supplied,Pagaya Technologies Ltd.,Jun/2026,$0.63,1
2026-07-30,PHAR,not-supplied,Pharming Group N.V.,Jun/2026,$0.20,2
2026-07-30,PHAT,not-supplied,"Phathom Pharmaceuticals, Inc.",Jun/2026,($0.15),1
2026-07-30,PHIN,not-supplied,PHINIA Inc.,Jun/2026,$1.58,2
2026-07-30,PIPR,not-supplied,Piper Sandler Companies,Jun/2026,$0.85,2
2026-07-30,PKX,not-supplied,POSCO HOLDINGS INC.,Jun/2026,$0.85,1
2026-07-30,PTCT,not-supplied,"PTC Therapeutics, Inc.",Jun/2026,($0.17),2
2026-07-30,PWR,not-supplied,"Quanta Services, Inc.",Jun/2026,$3.03,7
2026-07-30,RACE,not-supplied,Ferrari N.V.,Jun/2026,$2.83,1
2026-07-30,RAL,not-supplied,Ralliant Corporation,Jun/2026,$0.63,4
2026-07-30,RBLX,not-supplied,Roblox Corporation,Jun/2026,($0.33),7
2026-07-30,RDDT,not-supplied,"Reddit, Inc.",Jun/2026,$0.99,10
2026-07-30,REGN,not-supplied,"Regeneron Pharmaceuticals, Inc.",Jun/2026,$8,6
2026-07-30,RES,not-supplied,"RPC, Inc.",Jun/2026,$0.04,1
2026-07-30,RIVN,not-supplied,"Rivian Automotive, Inc.",Jun/2026,($0.83),4
2026-07-30,RJET,not-supplied,Republic Airways Holdings Inc.,Jun/2026,,N/A
2026-07-30,RMNI,not-supplied,"Rimini Street, Inc.",Jun/2026,$0.04,1
2026-07-30,RRBI,not-supplied,"Red River Bancshares, Inc.",Jun/2026,$1.77,2
2026-07-30,RYAN,not-supplied,"Ryan Specialty Holdings, Inc.",Jun/2026,$0.61,5
2026-07-30,SAFE,not-supplied,Safehold Inc. New,Jun/2026,$0.41,3
2026-07-30,SAH,not-supplied,"Sonic Automotive, Inc.",Jun/2026,$1.75,4
2026-07-30,SAIA,not-supplied,"Saia, Inc.",Jun/2026,$3.34,6
2026-07-30,SAMG,not-supplied,Silvercrest Asset Management Group Inc.,Jun/2026,$0.13,1
2026-07-30,SCKT,not-supplied,"Socket Mobile, Inc.",Jun/2026,,N/A
2026-07-30,SDEV,not-supplied,Stablecoin Development Corporation,Jun/2026,,N/A
2026-07-30,SHEL,not-supplied,Shell PLC,Jun/2026,$3.23,2
2026-07-30,SHIP,not-supplied,Seanergy Maritime Holdings Corp.,Jun/2026,$1,2
2026-07-30,SHOO,not-supplied,"Steven Madden, Ltd.",Jun/2026,$0.33,3
2026-07-30,SIRI,not-supplied,SiriusXM Holdings Inc.,Jun/2026,$0.78,6
2026-07-30,SNDR,not-supplied,"Schneider National, Inc.",Jun/2026,$0.22,6
2026-07-30,SNY,not-supplied,Sanofi,Jun/2026,$1.10,4
2026-07-30,SO,not-supplied,Southern Company (The),Jun/2026,$1.01,6
2026-07-30,SOLS,not-supplied,Solstice Advanced Materials Inc.,Jun/2026,$0.79,1
2026-07-30,SPHR,not-supplied,Sphere Entertainment Co.,Jun/2026,($1.52),4
2026-07-30,SPSC,not-supplied,"SPS Commerce, Inc.",Jun/2026,$0.72,5
2026-07-30,SPXC,not-supplied,"SPX Technologies, Inc.",Jun/2026,$1.85,6
2026-07-30,STGW,not-supplied,Stagwell Inc.,Jun/2026,$0.13,2
2026-07-30,STLA,not-supplied,Stellantis N.V.,Jun/2026,$0.41,1
2026-07-30,STNG,not-supplied,Scorpio Tankers Inc.,Jun/2026,$4.51,4
2026-07-30,SXC,not-supplied,"SunCoke Energy, Inc.",Jun/2026,$0.08,1
2026-07-30,SXI,not-supplied,Standex International Corporation,Jun/2026,$2.35,5
2026-07-30,SYK,not-supplied,Stryker Corporation,Jun/2026,$3.46,7
2026-07-30,TAK,not-supplied,Takeda Pharmaceutical Company Limited,Jun/2026,$0.41,1
2026-07-30,TAL,not-supplied,TAL Education Group,May/2026,$0.14,1
2026-07-30,TBBK,not-supplied,"The Bancorp, Inc.",Jun/2026,$1.36,3
2026-07-30,TEM,not-supplied,"Tempus AI, Inc.",Jun/2026,($0.41),4
2026-07-30,TEX,not-supplied,Terex Corporation,Jun/2026,$1.25,11
2026-07-30,TFSL,not-supplied,TFS Financial Corporation,Jun/2026,$0.08,1
2026-07-30,TLK,not-supplied,"PT Telekomunikasi Indonesia, Tbk",Jun/2026,$0.53,1
2026-07-30,TNET,not-supplied,"TriNet Group, Inc.",Jun/2026,$0.72,3
2026-07-30,TRN,not-supplied,"Trinity Industries, Inc.",Jun/2026,,N/A
2026-07-30,TRP,not-supplied,TC Energy Corporation,Jun/2026,$0.61,4
2026-07-30,TRS,not-supplied,TriMas Corporation,Jun/2026,$0.49,3
2026-07-30,TT,not-supplied,Trane Technologies plc,Jun/2026,$4.27,4
2026-07-30,TW,not-supplied,Tradeweb Markets Inc.,Jun/2026,$0.96,11
2026-07-30,TWI,not-supplied,"Titan International, Inc.",Jun/2026,($0.04),2
2026-07-30,UNIT,not-supplied,Uniti Group Inc.,Jun/2026,($0.43),3
2026-07-30,UPBD,not-supplied,"Upbound Group, Inc.",Jun/2026,$1.07,2
2026-07-30,UPLD,not-supplied,"Upland Software, Inc.",Jun/2026,,1
2026-07-30,USEA,not-supplied,United Maritime Corporation,Jun/2026,,N/A
2026-07-30,UTZ,not-supplied,Utz Brands Inc,Jun/2026,$0.19,2
2026-07-30,VALE,not-supplied,VALE S.A.,Jun/2026,$0.41,2
2026-07-30,VCEL,not-supplied,Vericel Corporation,Jun/2026,($0.04),1
2026-07-30,VCYT,not-supplied,"Veracyte, Inc.",Jun/2026,$0.29,3
2026-07-30,VIRT,not-supplied,"Virtu Financial, Inc.",Jun/2026,$1.55,3
2026-07-30,VLO,not-supplied,Valero Energy Corporation,Jun/2026,$9.87,5
2026-07-30,VRTS,not-supplied,"Virtus Investment Partners, Inc.",Jun/2026,$6.09,2
2026-07-30,WBX,pre-market,Wallbox N.V.,Jun/2026,,1
2026-07-30,WCC,not-supplied,"WESCO International, Inc.",Jun/2026,$3.96,5
2026-07-30,WSBK,not-supplied,"Winchester Bancorp, Inc.",Jun/2026,,N/A
2026-07-30,WTW,not-supplied,Willis Towers Watson Public Limited Company,Jun/2026,$3.13,7
2026-07-30,WU,not-supplied,Western Union Company (The),Jun/2026,$0.43,6
2026-07-30,WVE,not-supplied,WAVE Life Sciences Ltd.,Jun/2026,($0.31),5
2026-07-30,WY,not-supplied,Weyerhaeuser Company,Jun/2026,$0.06,5
2026-07-30,XEL,not-supplied,Xcel Energy Inc.,Jun/2026,$0.79,5
2026-07-30,XHR,not-supplied,"Xenia Hotels & Resorts, Inc.",Jun/2026,,N/A
2026-07-30,XPO,not-supplied,"XPO, Inc.",Jun/2026,$1.49,7
2026-07-30,XRX,not-supplied,Xerox Holdings Corporation,Jun/2026,$0.06,2
2026-07-30,YUM,not-supplied,"Yum! Brands, Inc.",Jun/2026,$1.59,7
2026-07-30,YUMC,not-supplied,"Yum China Holdings, Inc.",Jun/2026,$0.69,3
2026-07-31,ABBV,pre-market,AbbVie Inc.,Jun/2026,$3.64,5
2026-07-31,ABR,pre-market,Arbor Realty Trust,Jun/2026,$0.05,2
2026-07-31,AFBI,not-supplied,"Affinity Bancshares, Inc.",Jun/2026,,8
2026-07-31,AN,pre-market,"AutoNation, Inc.",Jun/2026,$5.43,6
2026-07-31,ARES,pre-market,Ares Management Corporation,Jun/2026,$1.29,7
2026-07-31,AUC,not-supplied,ATIF Holdings Limited,Apr/2026,,8
2026-07-31,BBUC,pre-market,Brookfield Business Corporation,Jun/2026,,8
2026-07-31,BCPC,pre-market,Balchem Corporation,Jun/2026,$1.39,2
2026-07-31,BEN,pre-market,"Franklin Resources, Inc.",Jun/2026,$0.66,6
2026-07-31,BEP,pre-market,Brookfield Renewable Partners L.P.,Jun/2026,($0.35),4
2026-07-31,BEPC,pre-market,Brookfield Renewable Corporation,Jun/2026,($0.82),1
2026-07-31,BLDP,pre-market,"Ballard Power Systems, Inc.",Jun/2026,($0.04),3
2026-07-31,BTSG,pre-market,"BrightSpring Health Services, Inc.",Jun/2026,$0.37,4
2026-07-31,BXBL,not-supplied,"BOXABL, Inc.",Jun/2026,,8
2026-07-31,CBOE,pre-market,"Cboe Global Markets, Inc.",Jun/2026,$3.45,9
2026-07-31,CCJ,pre-market,Cameco Corporation,Jun/2026,$0.26,4
2026-07-31,CHD,pre-market,"Church & Dwight Company, Inc.",Jun/2026,$0.89,7
2026-07-31,CL,pre-market,Colgate-Palmolive Company,Jun/2026,$0.95,8
2026-07-31,CRI,pre-market,"Carter's, Inc.",Jun/2026,$0.02,2
2026-07-31,CVX,pre-market,Chevron Corporation,Jun/2026,$5.80,5
2026-07-31,D,pre-market,"Dominion Energy, Inc.",Jun/2026,$0.73,6
2026-07-31,DIT,not-supplied,AMCON Distributing Company,Jun/2026,,8
2026-07-31,ENB,pre-market,Enbridge Inc,Jun/2026,$0.43,4
2026-07-31,ETN,pre-market,"Eaton Corporation, PLC",Jun/2026,$3.08,9
2026-07-31,FRT,pre-market,Federal Realty Investment Trust,Jun/2026,$1.85,7
2026-07-31,FTS,pre-market,Fortis Inc.,Jun/2026,$0.55,3
2026-07-31,GTES,pre-market,Gates Industrial Corporation Ltd.,Jun/2026,$0.38,2
2026-07-31,IESC,pre-market,"IES Holdings, Inc.",Jun/2026,,8
2026-07-31,IMO,pre-market,Imperial Oil Limited,Jun/2026,$2.99,2
2026-07-31,IRMD,pre-market,iRadimed Corporation,Jun/2026,$0.42,1
2026-07-31,ITUB,pre-market,Itau Unibanco Banco Holding SA,Jun/2026,$0.22,3
2026-07-31,KYIV,pre-market,Kyivstar Group Ltd.,Jun/2026,$0.35,8
2026-07-31,LEA,pre-market,Lear Corporation,Jun/2026,$3.89,5
2026-07-31,LIN,pre-market,Linde plc,Jun/2026,$4.49,7
2026-07-31,LYB,pre-market,LyondellBasell Industries NV,Jun/2026,$3.56,4
2026-07-31,MGA,pre-market,"Magna International, Inc.",Jun/2026,$1.53,4
2026-07-31,MOG.A,pre-market,Moog Inc.,Jun/2026,$2.67,3
2026-07-31,MOG.B,pre-market,Moog Inc.,Jun/2026,,8
2026-07-31,MRNA,pre-market,"Moderna, Inc.",Jun/2026,($1.97),8
2026-07-31,NB,not-supplied,NioCorp Developments Ltd.,Jun/2026,($0.02),1
2026-07-31,NVT,pre-market,nVent Electric plc,Jun/2026,$1.16,4
2026-07-31,NWG,pre-market,NatWest Group plc,Jun/2026,$0.45,1
2026-07-31,NWL,pre-market,Newell Brands Inc.,Jun/2026,$0.19,5
2026-07-31,OXSQ,pre-market,Oxford Square Capital Corp.,Jun/2026,,8
2026-07-31,PAMT,not-supplied,PAMT CORP,Jun/2026,,8
2026-07-31,PAX,pre-market,Patria Investments Limited,Jun/2026,$0.29,2
2026-07-31,PAYP,pre-market,PayPay Corporation,Jun/2026,$0.15,8
2026-07-31,POR,pre-market,Portland General Electric Company,Jun/2026,$0.64,3
2026-07-31,PRLB,pre-market,"Proto Labs, Inc.",Jun/2026,$0.39,1
2026-07-31,PRM,pre-market,"Perimeter Solutions, SA",Jun/2026,$0.43,3
2026-07-31,PWP,pre-market,Perella Weinberg Partners,Jun/2026,,8
2026-07-31,RBC,pre-market,RBC Bearings Incorporated,Jun/2026,$3.21,4
2026-07-31,SMFG,pre-market,Sumitomo Mitsui Financial Group Inc,Jun/2026,$0.44,1
2026-07-31,TAC,pre-market,TransAlta Corporation,Jun/2026,$0.11,1
2026-07-31,TROW,pre-market,"T. Rowe Price Group, Inc.",Jun/2026,$2.52,6
2026-07-31,VEON,pre-market,VEON Ltd.,Jun/2026,$1.59,1
2026-07-31,WT,pre-market,"WisdomTree, Inc.",Jun/2026,$0.26,5
2026-07-31,XOM,pre-market,ExxonMobil Holdings Corporation,Jun/2026,$3.68,5
2026-08-03,ABTC,pre-market,American Bitcoin Corp.,Jun/2026,,N/A
2026-08-03,ADEA,after-hours,Adeia Inc.,Jun/2026,$0.22,2
2026-08-03,ADTN,after-hours,"ADTRAN Holdings, Inc.",Jun/2026,$0,1
2026-08-03,ADUS,after-hours,Addus HomeCare Corporation,Jun/2026,$1.51,3
2026-08-03,AEIS,after-hours,"Advanced Energy Industries, Inc.",Jun/2026,$1.85,2
2026-08-03,AESI,after-hours,Atlas Energy Solutions Inc.,Jun/2026,($0.12),5
2026-08-03,AHRT,not-supplied,"AH Realty Trust, Inc.",Jun/2026,$0.13,2
2026-08-03,ALG,after-hours,"Alamo Group, Inc.",Jun/2026,$2.74,4
2026-08-03,ALSN,after-hours,"Allison Transmission Holdings, Inc.",Jun/2026,$2.60,4
2026-08-03,ALX,pre-market,"Alexander's, Inc.",Jun/2026,$3,1
2026-08-03,AMRC,after-hours,"Ameresco, Inc.",Jun/2026,$0.20,3
2026-08-03,ANDE,after-hours,"The Andersons, Inc.",Jun/2026,,7
2026-08-03,ARE,after-hours,"Alexandria Real Estate Equities, Inc.",Jun/2026,$1.65,5
2026-08-03,ARTNA,not-supplied,Artesian Resources Corporation,Jun/2026,,7
2026-08-03,ATLX,not-supplied,Atlas Lithium Corporation,Jun/2026,,N/A
2026-08-03,AVA,pre-market,Avista Corporation,Jun/2026,$0.14,1
2026-08-03,BCBP,pre-market,"BCB Bancorp, Inc. (NJ)",Jun/2026,$0.25,3
2026-08-03,BCC,after-hours,"Boise Cascade, L.L.C.",Jun/2026,$1.23,2
2026-08-03,BLZE,after-hours,"Backblaze, Inc.",Jun/2026,($0.10),3
2026-08-03,BRCC,after-hours,BRC Inc.,Jun/2026,,7
2026-08-03,BSM,after-hours,"Black Stone Minerals, L.P.",Jun/2026,$0.22,2
2026-08-03,BWXT,after-hours,"BWX Technologies, Inc.",Jun/2026,$1.01,6
2026-08-03,CBT,after-hours,Cabot Corporation,Jun/2026,$1.66,2
2026-08-03,CGEN,pre-market,Compugen Ltd.,Jun/2026,($0.07),3
2026-08-03,CHRN,not-supplied,ChronoScale Holdings Corporation,Jun/2026,($0.06),1
2026-08-03,CLLS,not-supplied,Cellectis S.A.,Jun/2026,,7
2026-08-03,CLPT,after-hours,ClearPoint Neuro Inc.,Jun/2026,($0.29),3
2026-08-03,CLX,after-hours,Clorox Company (The),Jun/2026,$1.64,8
2026-08-03,CNA,pre-market,CNA Financial Corporation,Jun/2026,$1.04,2
2026-08-03,CNH,pre-market,CNH Industrial N.V.,Jun/2026,$0.11,8
2026-08-03,CRD.A,after-hours,Crawford & Company,Jun/2026,,7
2026-08-03,CRD.B,after-hours,Crawford & Company,Jun/2026,$0.27,2
2026-08-03,CRGY,after-hours,Crescent Energy Company,Jun/2026,$0.45,4
2026-08-03,CRSP,not-supplied,CRISPR Therapeutics AG,Jun/2026,($1.10),7
2026-08-03,CSR,after-hours,D/B/A Centerspace,Jun/2026,$1.22,2
2026-08-03,CSWC,after-hours,Capital Southwest Corporation,Jun/2026,$0.56,2
2026-08-03,CTNT,not-supplied,Cheetah Net Supply Chain Service Inc.,Jun/2026,,7
2026-08-03,CTOS,after-hours,"Custom Truck One Source, Inc.",Jun/2026,$0.02,3
2026-08-03,CURR,not-supplied,Currenc Group Inc.,Jun/2026,,7
2026-08-03,CVGI,after-hours,"Commercial Vehicle Group, Inc.",Jun/2026,($0.05),3
2026-08-03,DAC,after-hours,Danaos Corporation,Jun/2026,,7
2026-08-03,DDD,after-hours,3D Systems Corporation,Jun/2026,($0.12),2
2026-08-03,DEA,pre-market,"Easterly Government Properties, Inc.",Jun/2026,$0.79,1
2026-08-03,DHC,after-hours,Diversified Healthcare Trust,Jun/2026,$0.14,1
2026-08-03,DORM,after-hours,"Dorman Products, Inc.",Jun/2026,$1.78,3
2026-08-03,EC,after-hours,Ecopetrol S.A.,Jun/2026,$0.83,2
2026-08-03,ECHO,pre-market,EchoStar Corporation,Jun/2026,($0.28),2
2026-08-03,ELOX,not-supplied,"Eloxx Pharmaceuticals, Inc.",Jun/2026,,7
2026-08-03,EVER,after-hours,"EverQuote, Inc.",Jun/2026,$0.42,1
2026-08-03,FANG,after-hours,"Diamondback Energy, Inc.",Jun/2026,$6.08,8
2026-08-03,GBDC,after-hours,"Golub Capital BDC, Inc.",Jun/2026,$0.33,3
2026-08-03,GECC,not-supplied,Great Elm Capital Corp.,Jun/2026,$0.34,1
2026-08-03,GLRE,not-supplied,"Greenlight Reinsurance, Ltd.",Jun/2026,,N/A
2026-08-03,GPOR,after-hours,Gulfport Energy Corporation,Jun/2026,$3.82,4
2026-08-03,GRAB,after-hours,Grab Holdings Limited,Jun/2026,$0.01,1
2026-08-03,GRFS,not-supplied,"Grifols, S.A.",Jun/2026,$0.27,1
2026-08-03,HESM,pre-market,Hess Midstream LP,Jun/2026,$0.69,3
2026-08-03,HIT,not-supplied,"Health In Tech, Inc.",Jun/2026,($0.03),1
2026-08-03,HLMN,after-hours,Hillman Solutions Corp.,Jun/2026,$0.17,2
2026-08-03,HSTM,after-hours,"HealthStream, Inc.",Jun/2026,$0.17,2
2026-08-03,IBTA,after-hours,"Ibotta, Inc.",Jun/2026,$0.06,1
2026-08-03,ICHR,after-hours,Ichor Holdings,Jun/2026,$0.21,4
2026-08-03,IIPR,after-hours,"Innovative Industrial Properties, Inc.",Jun/2026,$1.69,5
2026-08-03,INHD,not-supplied,Inno Holdings Inc.,Jun/2026,,7
2026-08-03,INSP,after-hours,"Inspire Medical Systems, Inc.",Jun/2026,($0.22),4
2026-08-03,INVX,after-hours,"Innovex International, Inc.",Jun/2026,$0.30,1
2026-08-03,IRT,after-hours,"Independence Realty Trust, Inc.",Jun/2026,$0.27,1
2026-08-03,IVT,after-hours,InvenTrust Properties Corp.,Jun/2026,$0.49,2
2026-08-03,JAZZ,after-hours,Jazz Pharmaceuticals plc,Jun/2026,$5.06,4
2026-08-03,JBTM,after-hours,JBT Marel Corporation,Jun/2026,$2.02,5
2026-08-03,JELD,after-hours,"JELD-WEN Holding, Inc.",Jun/2026,,7
2026-08-03,JRVR,not-supplied,"James River Group Holdings, Inc.",Jun/2026,,N/A
2026-08-03,JXN,after-hours,Jackson Financial Inc.,Jun/2026,,7
2026-08-03,KOS,pre-market,Kosmos Energy Ltd.,Jun/2026,,N/A
2026-08-03,KRYS,pre-market,"Krystal Biotech, Inc.",Jun/2026,$1.70,3
2026-08-03,L,pre-market,Loews Corporation,Jun/2026,,7
2026-08-03,LIFE,after-hours,Ethos Technologies Inc.,Jun/2026,$0.19,7
2026-08-03,LIND,pre-market,Lindblad Expeditions Holdings Inc.,Jun/2026,($0.10),3
2026-08-03,MAR,pre-market,Marriott International,Jun/2026,$3.06,8
2026-08-03,MATX,after-hours,"Matson, Inc.",Jun/2026,$4.21,1
2026-08-03,MED,after-hours,MEDIFAST INC,Jun/2026,($0.67),2
2026-08-03,MMYT,pre-market,MakeMyTrip Limited,Jun/2026,$0.20,1
2026-08-03,MTUS,after-hours,Metallus Inc.,Jun/2026,$0.25,2
2026-08-03,MUFG,not-supplied,Mitsubishi UFJ Financial Group Inc,Jun/2026,$0.34,1
2026-08-03,MYPS,not-supplied,"PLAYSTUDIOS, Inc.",Jun/2026,,N/A
2026-08-03,NJR,after-hours,NewJersey Resources Corporation,Jun/2026,$0.06,3
2026-08-03,NMFC,after-hours,New Mountain Finance Corporation,Jun/2026,$0.26,4
2026-08-03,NSPR,not-supplied,InspireMD Inc.,Jun/2026,($0.20),1
2026-08-03,OKE,after-hours,"ONEOK, Inc.",Jun/2026,$1.39,6
2026-08-03,ON,after-hours,ON Semiconductor Corporation,Jun/2026,$0.72,9
2026-08-03,OPAD,after-hours,Offerpad Solutions Inc.,Jun/2026,($1.60),1
2026-08-03,OTTR,after-hours,Otter Tail Corporation,Jun/2026,$1.48,1
2026-08-03,PAY,after-hours,"Paymentus Holdings, Inc.",Jun/2026,$0.17,4
2026-08-03,PLOW,pre-market,"Douglas Dynamics, Inc.",Jun/2026,$0.88,1
2026-08-03,PLTR,after-hours,Palantir Technologies Inc.,Jun/2026,$0.28,10
2026-08-03,POWL,after-hours,"Powell Industries, Inc.",Jun/2026,$1.49,3
2026-08-03,PPLI,after-hours,People Incorporated,Jun/2026,($0.51),2
2026-08-03,PRAX,not-supplied,"Praxis Precision Medicines, Inc.",Jun/2026,($3.60),7
2026-08-03,PRTA,not-supplied,Prothena Corporation plc,Jun/2026,($0.39),3
2026-08-03,RAIL,after-hours,"Freightcar America, Inc.",Jun/2026,($0.01),2
2026-08-03,SBAC,after-hours,SBA Communications Corporation,Jun/2026,$2.76,3
2026-08-03,SBH,pre-market,"Sally Beauty Holdings, Inc.",Jun/2026,$0.53,3
2026-08-03,SBRA,after-hours,"Sabra Health Care REIT, Inc.",Jun/2026,$0.38,2
2026-08-03,SIBN,after-hours,"SI-BONE, Inc.",Jun/2026,($0.15),2
2026-08-03,SITC,after-hours,SITE Centers Corp.,Jun/2026,($0.04),1
2026-08-03,SNAP,after-hours,Snap Inc.,Jun/2026,($0.08),5
2026-08-03,SOHU,not-supplied,Sohu.com Limited,Jun/2026,,7
2026-08-03,SRAD,pre-market,Sportradar Group AG,Jun/2026,$0.06,6
2026-08-03,STOK,after-hours,"Stoke Therapeutics, Inc.",Jun/2026,($0.82),2
2026-08-03,STRL,after-hours,"Sterling Infrastructure, Inc.",Jun/2026,$5,3
2026-08-03,TDW,after-hours,Tidewater Inc.,Jun/2026,$0.32,1
2026-08-03,TGTX,pre-market,"TG Therapeutics, Inc.",Jun/2026,$0.41,4
2026-08-03,TKO,after-hours,"TKO Group Holdings, Inc.",Jun/2026,$1.63,5
2026-08-03,TSN,pre-market,"Tyson Foods, Inc.",Jun/2026,$1.03,4
2026-08-03,TTI,after-hours,"Tetra Technologies, Inc.",Jun/2026,$0.09,2
2026-08-03,TWST,pre-market,Twist Bioscience Corporation,Jun/2026,($0.50),2
2026-08-03,UCTT,after-hours,"Ultra Clean Holdings, Inc.",Jun/2026,$0.44,1
2026-08-03,UFCS,after-hours,"United Fire Group, Inc",Jun/2026,$0.70,2
2026-08-03,UFPT,after-hours,"UFP Technologies, Inc.",Jun/2026,$2.51,2
2026-08-03,UTL,after-hours,UNITIL Corporation,Jun/2026,,N/A
2026-08-03,VERX,after-hours,"Vertex, Inc.",Jun/2026,$0.13,6
2026-08-03,VMD,after-hours,"Viemed Healthcare, Inc.",Jun/2026,$0.10,1
2026-08-03,VNO,after-hours,Vornado Realty Trust,Jun/2026,$0.57,9
2026-08-03,VNOM,after-hours,"Viper Energy, Inc.",Jun/2026,$0.74,8
2026-08-03,VOYG,after-hours,"Voyager Technologies, Inc.",Jun/2026,($1.01),3
2026-08-03,VRTX,after-hours,Vertex Pharmaceuticals Incorporated,Jun/2026,$4.30,5
2026-08-03,VTS,after-hours,"Vitesse Energy, Inc.",Jun/2026,$0.06,1
2026-08-03,VVX,after-hours,"V2X, Inc.",Jun/2026,$1.45,5
2026-08-03,WGS,after-hours,GeneDx Holdings Corp.,Jun/2026,($0.19),1
2026-08-03,WHR,after-hours,Whirlpool Corporation,Jun/2026,($0.20),3
2026-08-03,WMB,after-hours,"Williams Companies, Inc. (The)",Jun/2026,$0.52,8
2026-08-03,ZEPP,not-supplied,Zepp Health Corporation,Jun/2026,,7
